Title,City,Address
AGRABAD BRANCH,"House: Banani Complex, 942/A (Gr fl), Area: Agrabad C/A, Road: Sheikh Mujib Road, PO: Bandar, PS: Double Mooring, Dist: Chittagong - 4100.",City/Town: Chattogram
ALFADANGA BRANCH,"Village: Sukurhata, PO: Alfadanga, P.S: Alfadanga Dist: Faridpur-.",City/Town: Khulna
AMBARKHANA BRANCH,"House: B 100, 1st Floor, East Dargha Gate, Airport Road, Ambarkhana, Sylhet",City/Town: Sylhet
Amtali Sub-Branch,"Poura Bhabon ,Holding Number:392,Sadar Road, Ward No:04,Pourashava: Amtali. Thana: Amtali, Dist:Barguna",City/Town: Barguna
ANDARKILLA BRANCH,"Equity Antara. Holding No. 352/536. 1st Floor 123, Momin Road, Kotowali Chattogram-4000",City/Town: Chattogram
ASHULIA BRANCH,House Name:,City/Town: Dhaka-3
ATI BAZAR BRANCH,"Atibazar Branch, Abrar Tower (1st floor), Shahid Nagar,  Dag no: R.S 489, Khatian no : R.S ",City/Town: Dhaka-3
B.B. AVENUE BRANCH,"House: 12 Hasan Building(GR fl & 1st fl), Area: 12 B.B Avenue, PO: GPO, PS: Paltan, Dist: Dhaka - 1000.",City/Town: Dhaka 2
BAGHER BAZAR BRANCH,"Bagher Bazar Branch, Haji Samsuddin & Banesa Market (1st Floor), Shirir Chala, Bagher Bazar Branch, Dag no : R.S ",City/Town: Dhaka 1
BANANI BRANCH,"House: 28(GR fl, 1st fl & 2nd fl), Road: 11, Block: F, Area: Banani, P.O: Banani, P.S: Gulshan, Dist: Dhaka - 1213.",City/Town: Dhaka 1
BANANI LAKE VIEW BRANCH,"Ventura Iconia (1st Floor), Holding  No: 37, Road: 11, Ward: 19, Block: H, P.S: Banani, Dhaka North City Corporation. Dist: Dhaka",City/Town: Dhaka 1
BANASREE SUB BRANCH,"Joypurhat Tower,Holding Number-2 & 3, Blook-F, Banasree  Main Road,Ward No-22,Dhaka North City Corporation, Thana- Khilgao, District –Dhaka",City/Town: Dhaka
BANDAR BAZAR BRANCH,"House: Metro Centre(1st fl), Road: South Dhopadighir Paar,Bandar Bazar East, Area: Sylhet, P.O: Sadar, P.S: Kotwali, Dist: Sylhet - 3100.",City/Town: Sylhet
BANDARTILA BRANCH,"House: 2461 A-Chamber (1st fl), Road: Airport Road, Area: Bandartila, PO: Sailor",City/Town: Chattogram
BANDURA BAZAR BRANCH,"House: Dennis Business Heaven (1st fl), Area: Bandura Bazar PO: Old Bandura, PS: Nawabganj, Dist: Dhaka - 1320.",City/Town: Dhaka-3
BARISHAL BRANCH,"House: 19 Razzak Mansion(1st fl), Area: Barisal, PO: Barisal, PS: Kotwali, Dist: Barisal - 8200.",City/Town: Khulna
BARURA SUB BRANCH,"Miazi Market, Holding Number-34,  Bank road, Ward No-03, Pouroshava- Barura, District -Cumilla",City/Town: Cumilla
Bashundara Branch,"Union Tower (1st Floor), Evercare Hospital Road , Block-A , Bashundhara R/A, Ward No-40, Dhaka South City Corporation, Dhaka",City/Town: Dhaka
BEANI BAZAR BRANCH,"House: (GR fl), Road: Hospital Road, Area: Nayagram, P.O: Beani Bazar, P.S: Beani Bazar, Dist: Sylhet - 3170.",City/Town: Sylhet
BENAPOLE BRANCH,"House: 381, Selim Sumon Super Market (Ground Floor), Jessore Road, P.O.: Benapole, P.S.: Benapole, Dist: Jessore - 7431.",City/Town: Khulna
BHAIRAB BAZAR BRANCH,"House: 129(1st fl), Road: Kali Bari Road, Area: Bhairab Bazar, PO: Bhairab Bazar, PS: Bhairab, Dist: Kishoregonj - 2350.",City/Town: Sylhet
BHATIARY AGRI BRANCH,"House: Rahman Tower, Bhatiary Bazar, Road: Bhatiary Station Road, PO: Sitakunda, PS: Sitakunda, Dist: Chittagong - 4001.",City/Town: Chattogram
BHULTA BRANCH,"Nurjahan Market, Bhulta, Rupgonj, Golakandail, Narayangonj",City/Town: Sylhet
BISWANATH BRANCH,"Rahman Mansion , Dag No-2052(New)1475(old),Khatian No-937(New)890(Old)(Jel87), Mouja-Chandoshir Kapon, Ward No-09, Powroshava- Bishwanath,Upozila- Bishwanath, District- Sylhet",City/Town: Sylhet
BOGURA BRANCH,"Masuma Plaza, Holding No. 766 Rangpur Road, Borogola, Dutta Bari Bogura",City/Town: Bogura
BRAHMANBARIA BRANCH,"House: 1329/1 Razzaque Plaza(1st fl), Area: Kawtali, PO: Brahmanbaria Sadar, PS: Brahmanbaria Sadar, Dist: Brahmanbaria - 3400.",City/Town: Sylhet
CHANDPUR BRANCH,"House: 57/54 Rajanigandha Shoping Centre(1st fl), Road: Comilla Road, Area: Natun Bazar, PO: Chandpur, PS: Chandpur, Dist: Chandpur - 3600.",City/Town: Cumilla
CHAPAINAWABGONJ BRANCH,"House: 11 Jabun Nessa Super Market(1st fl), Road: Godagari Road, Area: Chapainawabgonj, PO: Chapainawabgonj, PS: Chapainawabgonj, Dist: Chapainawabgonj - 6300.",City/Town: Bogura
CHAUDDAGRAM BRANCH," Baitul Maleque Mansion(1st floor), Chauddagram Bazar, Dhaka- Chattogram High Way, Chauddogram, Cumilla. (About 200 Meter away from old location)",City/Town: Cumilla
CHAWKBAZAR BRANCH ,"System Imperial Complex (1st Floor), Kapasgola Road, Ward No:16, Chattogram City Corporation, Thana: Kotowali, District: Chattogram",City/Town: Chattogram
CHAWMUHANI BRANCH,"Chowmuhani Plaza, D.B. Road (1st Floor) ",City/Town: Cumilla
CHHATAK AGRI BRANCH,"House: 28 Tahir Centre(1st fl), Road: Traffic Point, Area: Chhatak Municipality, P.O: Chhatak, P.S: Chhatak, Dist: Sunamganj - 3080.",City/Town: Sylhet
CHONDROGONJ BRANCH,"Lakshmipur, Shahjoki Shopping Complex, Poeshim Bazar, Chondrogonj",City/Town: Cumilla
COX'S BAZAR BRANCH,"House: Ali Noor Plaza(1st fl), Road: Main Road, Area: West Bazarghata, PO: Cox's Bazar, PS: Cox's Bazar Sadar, Dist: Cox's Bazar - 4700.",City/Town: Chattogram
CUMILLA BRANCH,"House: 437 Artisan Nasir Centre(1st fl), Road: Nazrul Avenue,Kandirpar, Area: Comilla, PO: Comilla Sadar, PS: Comilla, Dist: Comilla - 3500.",City/Town: Cumilla
DHAKA DAKSHIN BRANCH,"House: Latif Mansion (1st floor), Road: College Road, PO: Dhaka Dakshin, PS: Golapganj, Dist.: Sylhet, Post Code : 3161",City/Town: Sylhet
DHANMONDI BRANCH,"House: 312 Suvastu Zenim Plaza (2nd fl), Road: 27(Old), 32(New), Area: Dhanmondi R/A, PO: Dhanmondi, PS: Dhanmondi, Dist: Dhaka - 1205.",City/Town: Dhaka-3
DINAJPUR BRANCH,"House: 1067, 1070 & 1078,Mona Tower & Shopping Complex (1st Floor), Area: Modern Moar, Goneshtola PO: Dinajpur, PS: Dinajpur Sadar, Dist: Dinajpur - 5200.",City/Town: Bogura
DOULATGONJ BRANCH,"House: 252(1st fl), Road: Bank Road, Area: Daulatgonj Bazar, PO: Daulatgonj Bazar, PS: Daulatgonj, Dist: Comilla - 3570.",City/Town: Cumilla
Faridpur Branch,"Karim Chamber  (1st  floor), Holding No: 88, Janata Banker More, Mujib Sarak, ward No:15,Pourashava: Faridpur,Thana: Kotwali, District : Faridpur",City/Town: Faridpur
FATIKCHHARI BRANCH,"Fatikchhari Branch, Ananda Tower (1st Floor), Ananda Tower, Jhankar Moor, Mouza : Farhadabad, Puroshova :  Najirhat, Upazila : Fatikchhari, District : Chittagong",City/Town: Chattogram
FENI BRANCH,"188, Sadek Building (1st floor),Road: SSK Road, Area: Feni, PO: Feni, PS: Feni Sadar, Dist: Feni: 3900.",City/Town: Cumilla
FOREIGN EXCHANGE BRANCH,"House: 27 Baitul Hossain Building(GR fl), Area: Dilkusha C/A, PO: Dilkusha, PS: Motijheel, Dist: Dhaka - 1000.",City/Town: Dhaka 2
GAZIPUR AGRI BRANCH,"Jalal Shopping Center. 1st Floor, Board Bazar, National University, Gazipur-1704",City/Town: Dhaka 1
GAZIPUR BRANCH,"House 501, Noljani, Joydevpur, Chandana, Gazipur",City/Town: Dhaka 1
GOBINDAGONJ BRANCH,"1st  floor of ""Parboti Super Market"", Holding No. 0578, Buzruk Boalia, Gobindagonj, (Bogura- Rangpur Highway), Gaibandha-5740.",City/Town: Bogura
GOPALGANJ BRANCH,"Gopalganj Branch, Zaman Tower (1st Floor), Holding No : 116, Saudagor Road, Ward no : 2 , Puroshova :  Gopalganj, Upazila : Gopalganj Sadar, District : Gopalganj",City/Town: Khulna
GOURIPUR BRANCH,"Jasim Tower ,Village : Charmahmuddi , Dag No: 460 ( Hal), Khatian No:BS-99, Mouja: Nayagaou, Thana: Daudkandi , District: Comilla",City/Town: Cumilla
GULSHAN AVENUE BRANCH,"City Bank Center, 136 Gulshan Avenue, Gulshan-2, Dhaka - 1212.",City/Town: Dhaka 1
GULSHAN BRANCH,"“Crystal Palace”, Ground & 1st floor,House-22,Road-140,Gulshan South Avenue,Gulshan-1 Dhaka.",City/Town: Dhaka 1
GULSHAN WOMEN BRANCH,"Gulshan Women Branch Shanta Sky Mark (Ground Floor), Holding No. 18, Gulshan Avenue Road, Ward No. 19, Police Station: Gulshan, Dhaka North City Corporation, District: Dhaka",City/Town: Dhaka 1
HAJIGONJ BRANCH,"House: Royal Rowshan Super Market(1st fl), Road: Main Road, Area: Hajigonj, PO: Hajigonj, PS: Hajigonj, Dist: Chandpur - 1600.",City/Town: Cumilla
HALISHAHAR BRANCH,"C.K. Tower (1st floor), House No.02 & 04, Road No. 03, Lane- 03, Block- K,  Halishahar H/E, Chattogram",City/Town: Chattogram
Hemayetpur Sub Branch,"Makka Tower,Village: Jadurchor,Dag No:RS257,Khatian No:193,Mouja:Bilamalia,Union:Talutjhora,Thana:Savar,Dist:Dhaka",City/Town: Dhaka
HOBIGANJ AGRI BRANCH,"House: 3557/KA Amir Chand Complex(1st fl), Road: Badiuzzaman Khan Road, Area: Hobigonj, PO: Hobiganj, PS: Hobigonj Sadar, Dist: Hobigonj - 3300.",City/Town: Sylhet
IMAMGONJ BRANCH,"173-174 Mitford Road, Imamgonj, PS: Chawkbazar, Dhaka",City/Town: Dhaka 2
ISLAMIC BANKING BRANCH,"Al-Razi Complex (1st floor), 166-167, Shahid Sayed Nazrul Islam 
Sarani, Bijoy Nagar, Purana Paltan, Dhaka
",City/Town: Dhaka 2
ISLAMPUR ROAD BRANCH,"House: 18 Sonar Bangla Market(1st fl), Road: Islampur Road, Area: Islampur, PO: Dhaka Sadar, PS: Kotwali, Dist: Dhaka - 1100.",City/Town: Dhaka 2
JAGANNATHPUR BRANCH,"House: (GR fl), Road: T & T Road, Area: Jagnnathpur, PO: Jagnnathpur, PS: Jagnnathpur, Dist: Sunamgonj - 3060.",City/Town: Sylhet
JAMALPUR AGRI BRANCH,"Kazi Gold Market (1st Floor) Medical Road, Ward No-5, Pourashava- Jamalpur, PS -Jamalpur Sadar, District- Jamalpur.",City/Town: Dhaka 1
JAMUNA FUTURE PARK BRANCH,"Ka-244, Progati Sarani, Ward: 17, Dhaka North City Corporation, P.O.: Bhatara, District: Dhaka",City/Town: Dhaka 1
JASHORE BRANCH,"House: 28-29 R.S Tower(1st fl), Road: M.K Road, Area: Jessore, PO: Jessore, PS: Kotwali, Dist : Jessore - 7400.",City/Town: Khulna
JATRABARI BRANCH,"Noor Tower, Holding No-76/GA, Dhaka-Demra Highway, Ward No-48, Dhaka South City Corporation, PS-Jatrabari, District-Dhaka.",City/Town: Dhaka 2
JOHNSON ROAD BRANCH,"House: 31 Aziz Center(1st fl), Road: Johnson Road, Area: Raishaheb Bazar, PO: Dhaka Sadar, PS: Kotwali, Dist: Dhaka - 1100.",City/Town: Dhaka 2
JOYPARA AGRI BRANCH,"House: 77 Ahmed Shopping Complex(1st fl), Road: 260, Area: Joypara, PO: Joypara, PS: Dohar, Dist: Dhaka - 1330.",City/Town: Dhaka-3
Joypurhat Sub Branch,"Vokto Complex, Dag No:3167/13139, Khatian No:777, Jaipurhat Sadar Batar Mor, Ward No:05, Pourashava: Jaipurhat,Thana: Jaipurhat Sadar,District: Jaipurhat",City/Town: Jaipurhat
JUBILEE ROAD BRANCH,"House: 181 Gulshan Plaza(1st fl), Road: Golap Shing Lane, Area: Chittagong, PO: GPO, PS: Kotwali, Dist: Chittagong - 4000.",City/Town: Chattogram
KABIRHAT BRANCH,"Momtaj Mahal, D.B. Road (1st Floor), Chaprashirhat Bazar, PS: Kabirhat, Dist: Noakhali",City/Town: Cumilla
KACHUA BRANCH,"House: Biponi Polash(GR fl), Road: Hospital Road, Area: Polashpur, PO: Kachua, PS: Kachua, Dist: Chandpur - 3630.",City/Town: Cumilla
KADAMTALI BRANCH,"House: 295 Rahat Centre(1st fl), Road: DT Road, Area: Chittagong, PO: Chittagong Sadar, PS: Double Mooring, Dist: Chittagong - 4000.",City/Town: Chattogram
KALIGONJ BRANCH,"House: Bikrampur Plaza(1st fl), Road: Shahid Delwar Hossain Road, Area: Aganagar,Gudaraghat, PO: Suvaidda,South Keranigonj, PS: Keranigonj, Dist: Dhaka - 1310.",City/Town: Dhaka 2
KALURGHAT BRANCH,"Kalurghat Branch, Holding No :  2898/4561 (1st Floor), Chandgaon, Kaptai Raster Matha, Ward No:  5, Thana :  Chandgaon, Chittagong City Corporation, District : Chittagong",City/Town: Chattogram
KANAIPUR BAZAR BRANCH,"Kanaipur High School, 2 No Market, Kanaipur Sadar, Faridpur",City/Town: Khulna
KARWAN BAZAR BRANCH,"House: 8 UTC Building(1st fl), Road: 8,Panthapath, Area: Kawran Bazar, PO: Tejgaon, PS: Tejgaon, Dist: Dhaka - 1215.",City/Town: Dhaka-3
KERANIGONJ SUB BRANCH,"Din Complex, Kadamtoli Goal Chattor, , Daag No-3485 & 3486,Khotian No-470/1,Mouja-Shuvadda,Union-Aganagor,Thana-South Keranigonj, District -Dhaka",City/Town: Dhaka
KHATUNGONJ BRANCH,"1628/1671, Ramjoy Mohajon Lane (1st Floor), Asadgonj, P.O. Lamarbazar, PS: Kotwali, Dist: Chittagong- 4000",City/Town: Chattogram
KHULNA BRANCH,"House: 7(GR fl), Road: Sir Iqbal Road, Area: Khulna Sadar, PO: GPO, PS: Kotwali, Dist : Khulna - 9100.",City/Town: Khulna
KISHOREGANJ SME/AGRI BRANCH,"239, Alhaz Mahtab Uddin Super Market (1st Floor), Boro Bazar, Kishoreganj",City/Town: Sylhet
KULAURA BRANCH,"Kulaura Branch, Nazma Gani Market (1st Floor), Holding No :  220, Ward No : 5, Puroshova :  Kulaura, Upazila : Kulaura, District : Moulvibazar",City/Town: Sylhet
KUSHTIA BRANCH,"House: 114 Kadari Super Market ( fl), Road: R.A. Khan Chow Sarak, Area: Sapla Chattar, PO: Kushtia, PS: Kushtia, Dist: Kushtia - 7000.",City/Town: Khulna
LAXMIPUR BRANCH,"House : Kundo Tower (1st Floor)
Road   : Chak Mosjid Road
 PO: Lakshmipur Sadar    PS : LakshmipurDist : Lakshmipur
 Post Code : 3700",City/Town: Cumilla
LOHAGARA AGRI BRANCH,"House: Mostafa City (1st fl), Area: Amirabad, Lohagara, PO: Lohagara, PS: Lohagara, Dist: Chittagong - 4396.",City/Town: Chattogram
MADANI AVENUE SUB BRANCH,"Hamid Plaza, Holding Number-19, Blook-A,Ward No-39,Dhaka North City Corporation, Thana- Vatara ,District -Dhaka
PS: Khilkhet, Dist: Dhaka - 1229.",City/Town: Dhaka
MADHOBDI BRANCH,"House: 4(1st & 2nd fl), Road: Bank Road, Area: Madhabdi Bazar, PO: Madhabdi, PS: Narsingdhi, Dist: Narsingdhi - 1604.",City/Town: Sylhet
MAIJDI AGRI BRANCH,"Nasir Brothers Bhabon(1st Floor) , Holding No: 1458 ,Main Road , Ward No:04,Thana: Maijdee Court, District: Noakhali",City/Town: Noakhali
MANIKGONJ BRANCH,"House: 173/174(1st & 2nd fl), Road: Shaheed Rafique Sarak, Area: Manikgonj Bazar, P.O: Manikgonj, P.S: Manikgonj, Dist: Manikgonj - 1800.",City/Town: Dhaka-3
MIRPUR BRANCH,"House: 1(1st fl), Road: Dar-us-Salam Road, S: 1, Area: Mirpur, PO: Mirpur, PS: Mirpur, Dist: Dhaka - 1216.",City/Town: Dhaka-3
MOGHBAZAR BRANCH,"House: 1 Razzak Plaza(1st fl), Road: New Eskaton Road, Area: Moghbazar, PO: GPO, PS: Ramna, Dist: Dhaka - 1000.",City/Town: Dhaka 2
MONIRAMPUR SUB BRANCH,"Abdul Bari Mansion,Holding Number-132,Ward No-3,Pouroshava- Monirampur ,Thana- Monirampur,District- Jashore.",City/Town: Jashore
MOTIJHEEL BRANCH,"“Motaleb Mansion”, 2 No. R.K. Mission Road, Dhaka",City/Town: Dhaka
MOUCHAK BRANCH,"House: 80/A Shahjalal Tower(1st fl), Road: Siddeswari Circular Road, Area: Malibagh, PO: Shantinagar, PS: Ramna, Dist: Dhaka - 1217.",City/Town: Dhaka 2
MOULVIBAZAR BRANCH,"House: Kusumbagh Shopping City(2nd fl), Road: Sylhet Road, Area: Moulvibazar, PO: Moulvibazar, PS: Moulvibazar, Dist: Moulvibazar - 3200.",City/Town: Sylhet
MUNSHIGONJ SUB BRANCH,"Islampur Bhaban, Holding Number-434, Ward No-2, Pouroshava- Munshiganj ,Thana- Munshiganj Sadar,District- Munshiganj.",City/Town: Munshiganj
MYMENSINGH BRANCH,"House: 20(1st fl), Road: Choto Bazar, Area: Mymensingh, PO: Mymensingh, PS: Kotwali, Dist: Mymensingh - 2200.",City/Town: Dhaka 1
NAOGAON BRANCH,"Amir Uddin Bhaban, Chakdevpara Holding No: 20674, Ward no: 03, P.S: Naogaon, Puroshava:  Naogaon, Dist:  Naogaon.",City/Town: Bogura
NARAIL SUB BRANCH,"Islam Complex, Dag No:45, Khatian No:86, Narail Jessore Road, Ward No:16, Pourashava: Narail,Thana: Narail Sadar, District: Narail",City/Town: Narail
NARAYANGONJ BRANCH,"House: 72 Islam Market(1st fl), Road: BB Road, Area: Narayangonj, PO: Narayangonj, PS: Narayangonj, Dist: Narayangonj - 1400.",City/Town: Cumilla
NARSINGDI BRANCH,"House: 192 Bazar(1st fl), Area: Narsingdi, PO: Narsingdi, PS: Narsingdi, Dist: Narsingdi - 1600.",City/Town: Sylhet
NATORE AGRI BRANCH,"House: 240/241, F.K. Zaman Plaza(GR fl), Area: Alaipur Boipotty, PO: Natore, PS: Natore Sadar, Dist: Natore - 6400.",City/Town: Bogura
NAWABGONJ BRANCH,"House: Younus Shoping Complex(1st fl), Area: Nawabgonj Main Road, Area: Nawabgonj Upozilla, : PO:Nawabgonj, PS: Nawabgonj, Dist: Dhaka - 1320.",City/Town: Dhaka-3
NAWABPUR BRANCH,"House: Anowara Bhavan (1st fl), Road: 12-14 Nawabpur Road, PO: Nawabpur, PS: Wari,  Dist: Dhaka -1100",City/Town: Dhaka 2
NETAIGONJ BRANCH,"House: 217(1st fl), Road: BK Road, Area: Netaigonj, PO: Narayangonj, PS: Narayangonj, Dist: Narayangonj - 1400.",City/Town: Cumilla
NEW MARKET BRANCH,"House: 5 Novera Square( fl), Road: 2, Area: Dhanmondi R/A, PO: Dhanmondi, PS: Dhanmondi, Dist: Dhaka - 1205.",City/Town: Dhaka-3
NIKUNJA BRANCH ,"House: Lotus Kamal Tower-1, 57 Zoar Shahara(GR fl), Road: Airport Road, Area: Nikunja-2, PO: Khilkhet, PS: Khilkhet, Dist: Dhaka - 1229.",City/Town: Dhaka 1
NIKUNJA SUB BRANCH,"DSE Tower, House 46, Level 2,
Road 2, Nikunja 2, PO: Khilkhet,
PS: Khilkhet, Dist: Dhaka - 1229.",City/Town: Dhaka
O.R. NIZAM ROAD BRANCH,"1st Floor, 1 Shahid Abdul Hamid Road
East Nasirabad, 
GEC crossing, Chittagong",City/Town: Chattogram
OXYGEN MOOR BRANCH,"M Rahman Heights (1st Floor) Oxygen Moor, Ward No",City/Town: Chattogram
PABNA BRANCH,"House: 472(1st fl), Road: Aurangzeb Road, Area: Pabna, PO: Pabna, PS: Pabna Sadar, Dist: Pabna - 6600.",City/Town: Bogura
PAGLA BRANCH,"Pagla Branch, Namira Tower (1st floor), Dag no : C.S & S.A - 316 and R.S - 318, Khatian no : C.S ",City/Town: Dhaka 2
PAHARTALI BRANCH,"House:Yakub Tower (1st fl) 940/A (new) & 516/810 (old), Road: D. T. Road, Dilli Lane, P.O: Pahartali, P.S: Double Mooring, Dist: Chittagong - 4202.",City/Town: Chattogram
PALASHBARI SUB BRANCH,"Chowdhury Bhabon,Holding No.1265, Gaibandha Road, Pouroshava- Palashbari, ,Thana- Palashbari,District-Gaibandha",City/Town: Gaibandha
PALLABI BRANCH,"House: 132 Spring Rahmat-E-Tuba Complex(1st fl), Road:2, Block: A, Section:12, PO: Mirpur, P.S: Mirpur, Dhaka- 1216.",City/Town: Dhaka-3
PATHERHAT BRANCH,"House: Hazi Siddique Ahmed (1st fl), Road: Kaptai Road, Area: Noapara,Guzra Union, PO: Guzra Noapara, PS: Raozan, Dist: Chittagong - 4346.",City/Town: Chattogram
PATUAKHALI BRANCH,"Patuakhali Branch, Holding No : 063-01 (1st floor), Old Steamer Ghat Road, Natun Bazar, Ward no : 6, Puroshova :  Patuakhali, Upazila : Patuakhali, District : Patuakhali",City/Town: Khulna
PHULTALA BRANCH,"Phultala Branch, Hazi Marker (1st Floor), Khulna Jessore Main Road, Union : 4 no. Phultala, Upazila : Phultala, District : Khulna",City/Town: Khulna
POSTA BRANCH,"House: 35 Seraj Court(1st & 2nd fl), Road: Shaesta Khan Road, Area: Lalbagh, PO: Posta, PS: Chak Bazar, Dist: Dhaka - 1211.",City/Town: Dhaka-3
PRINCIPAL OFFICE,"House: 10 Jibon Bima Tower(GR fl), Area: Dilkusha Commercial Area, PO: GPO, PS: Motijheel, Dist: Dhaka - 1000.",City/Town: Dhaka 2
PROBARTAK BRANCH,"House: 1486/1672 Al-Nur Badrun Center(1st fl), Road: O.R Nizam Road, Area: Probartak Moor, PO: Ctg Medical, PS: Panchlaish, Dist: Chittagong - 4203.",City/Town: Chattogram
PROGATI SARANI BRANCH,"The Pearl Trade Center (Ground Floor), Cha-90/3, Progati Sarani, Shahjadpur, Dhaka",City/Town: Dhaka 1
RAIPUR BRANCH,"Holding No. 517, Shahid Plaza, Pir Fozlullah Sarak, Raipur, Laxmipur",City/Town: Cumilla
RAJSHAHI BRANCH,"House: 125 Star Mansion(1st fl), Road: Natore Road, Area: Shaheb Bazar 0 Point, PO: Ghoramara, PS: Boalia, Dist: Rajshahi - 6100.",City/Town: Bogura
RANGPUR BRANCH,"House: 97/1 Central Point(1st fl), Road: Central Road, Area: Rangpur Town, PO: Rangpur Sadar, PS: Kotwali, Dist: Rangpur - 5400.",City/Town: Bogura
REKABI BAZAR BRANCH,"House: Abdul Motalebs House(1st fl), Road: Binodpur High School Road, Area: Ponchasar, PO: Rekabi Bazar, PS: Munshigonj Sadar, Dist: Munshigonj - 1501.",City/Town: Cumilla
ROHANPUR BRANCH,"Holding No: 1125, Godown Road, Ward no: 05, P.S.: Gomostapur, Puroshava: Rohanpur, Dist: Chapainawabganj.",City/Town: Bogura
ROKEYA SARANI BRANCH,"Dinaj Tower (1st floor), Holding No. 752/2, West Shewrapara, Begum Rokeya Sarani, Mirpur, Dhaka.",City/Town: Dhaka-3
SADARGHAT BRANCH,"House: Patuatuly Bhaban(2nd fl), Road: 78 Loyal Street, Patuatuly, Area: Sadarghat, PO: Sadarghat, PS: Kotwali, Dist: Dhaka - 1100.",City/Town: Dhaka 2
SATKANIA BRANCH,"House: 580 Mokbul Seraji Shopping Complex(1st fl), R:Station Road, Area: Satkania, PO: Satkania, PS: Satkania, Dist: Chittagong - 4386.",City/Town: Chattogram
SATKHIRA BRANCH,"House: 400/450 City Market(1st fl), Road: Boro Bazar Road, Area: Satkhira, PO: Satkhira, PS: Satkhira Sadar, Dist: Stakhira - 9400.",City/Town: Khulna
SAVAR AGRI BRANCH,"House: 111/A(1st fl), Road: Savar Bazar Road, Area: Savar, PO: Savar, PS: Savar, Dist: Dhaka - 1340.",City/Town: Dhaka-3
SENBAGH BRANCH,"D.K. Plaza (1st Floor), Holding no : 346, Upozila Road, Senbagh Bazar, Senbagh, Noakhali",City/Town: Cumilla
SHAYMOLI BRANCH,"House: 23/6 Rupayan Shelford(1st fl), Road: Khilji Road, Block: B, Area: Shaymoli, PO: Mohammadpur, PS: Mohammadpur, Dist: Dhaka - 1207.",City/Town: Dhaka-3
SHERPUR BRANCH,"Mahmud Tower, Ground floor, Dhaka Bogura High Way, Pourosova Road,  Sherpur Bus Stand, Sherpur, Bogura",City/Town: Bogura
SHIBPUR BRANCH,"1st Floor ,Holding No: 181,Ward No: 5 ,Shibpur Sadar Road ,Shibpur Bazar Road ,Thana & Pourashava : Shibpur ,Narsingdhi",City/Town: Sylhet
SIRAJGONJ BRANCH,"House: 979(1st fl), Road: SS Road, Area: Sirajgonj, PO: Sirajgonj, PS: Sirajgonj, Dist: Sirajgonj - 6700.",City/Town: Bogura
"SONARGAON JANAPATH, UTTARA BR","House-02, Sector-12, Sonargaon Janapath Road, Uttara Model Town, Union- Harirampur, Uttara, Dhaka",City/Town: Dhaka 1
SREEMONGOL BRANCH,"House: 70 Al-Amin Mansion(1st fl), Road: Moulvi Bazar Road, Area: Sreemongal, PO: Sreemongal, PS: Sreemongal, Dist: Moulvi Bazar - 3210.",City/Town: Sylhet
SUBARNACHAR BRANCH,"Rubina Super  Market (1st Floor), Dag No : MRR : 880, Khatian No: MRR : 248, Char Bata Union Parishad, P.S : Subarna char, Noakhali",City/Town: Cumilla
SYEDPUR BRANCH,"House: 361(GR fl), Road: Shahid Dr. Zikrul Haque Road, Area: Saidpur, PO: Saidpur, PS: Saidpur, Dist: Nilphamari - 5310.",City/Town: Bogura
TANGAIL BRANCH,"House: 1869/77(1st fl), Road: Main Road, PO: Tangail Sadar, PS: tangail Sadar, Dist: Tangail - 1900.",City/Town: Dhaka-3
TONGI BRANCH,"Sena Kalyan Commercial Complex (1st floor)
Holding No- 9/F, Dhaka Mymensing Highway, Ward No:57, Gazipur City Corporation, Thana: Tongi, District:Gazipur-1710",City/Town: Gazipur
URDU ROAD BRANCH,"House: Haji Mansion (2nd Floor), Road: 10 Urdu Road, Area: Dhaka City Corp, PO: Posta, PS: Chawkbazar, Dist: Dhaka - 1211.",City/Town: Dhaka-3
UTTARA BRANCH,"House: 8 Barek Monjil(GR fl), Road: Rabindro Sarani Road, Sector-7, Area: Azampur, P.O: Uttara, P.S: Uttara, Dist: Dhaka - 1230.",City/Town: Dhaka 1
VIP ROAD BRANCH,"Orchad Faruque Tower, 72, Naya Paltan, VIP Road, Dhaka",City/Town: Dhaka 2
ZINDABAZAR BRANCH,"House: Kaniz Plaza(1st fl), Area: Zindabazar, PO: Sylhet, PS: Kotwali, Dist: Sylhet - 3100.",City/Town: Sylhet
ZINZIRA BRANCH,"Amin Complex, 1st Floor, Zinzira Bus Stand Road, Zinzira Bazaar, Dhaka.",City/Town: Dhaka 2
