SL.,Division,Name,Address
1,DHAKA,113/A GULSHAN ATM,"Overseas Center, Road 113/A, Building 19-20, Gulshan-2, Dhaka."
2,DHAKA,32/2 MIRPUR RD ATM,"Oriental Latimi Shopping Mall, 32/2 Mirpur Road, Newmarket, Dhaka, 1205"
3,CHATTOGRAM,AGRABAD BRANCH ATM,33 Agrabad C. A. Chattogram
4,CHATTOGRAM,AGRABAD BRANCH LOBBY ATM,"33 Agrabad C. A., Chattogram"
5,CHATTOGRAM,AIRPORT RD ATM,"Gawshia Building, 2102 Airport road, CEPZ, Chattogram"
6,CHATTOGRAM,ALONKAR MOOR ATM,"Shop-04, Alonkar Shopping Complex, Alonkar More, Pahartoli, Chattogram."
7,SYLHET,AMBERKHANA ATM,"Shuveccha 11, Dorshon Dewri, Amberkhana, Sylhet"
8,DHAKA,ARAMBAGH ATM,"10/3/1, Toyenbee Circular Road, Motijheel, Dhaka."
9,DHAKA,ARMY GOLF CLUB ATM,"Dhaka Cantonment, Dhaka 1206"
10,DHAKA,ASAD GATE ATM,"Plot-1/11, Block-A, Lalmatia Housing Estate, Mirpur Road, Dhaka"
11,DHAKA,ASHKONA BRANCH ATM,"Hazi Komoruddin Tower 27, Ashkona, Dakshin khan Dhaka-1230"
12,DHAKA,ASHULIA BRANCH ATM,"Ashraf Plaza, DEPZ Road, Jamgora, Ashulia, Savar, Dhaka."
13,DHAKA,AZIMPUR BRANCH ATM,"Tulip Feroza Dream (1st Floor), 104 Azimpur Road, Dhaka"
14,SYLHET,B.BARIA BRANCH ATM,"Malek Khayer Plaza, 95 Paikpara, Jame Masjid Road ( North side of Kumarshil Point), Brahmanbaria."
15,CHATTOGRAM,BAHADDARHAT ATM,"Ghowsia Akbor Tower, 352 Arkan road, Badurtola, Bahaddarhat, Panchlaish, Chattogram)"
16,DHAKA,BAILY ROAD ATM,"Girls Guide House, Baily Road, Dhaka"
17,DHAKA,BANANI BRANCH ATM,"Skylark Mark84, Plot- 84, Road-11, Block- D, Banani, Dhaka-1213"
18,DHAKA,BANANI ROAD-11 ATM,"B & B Empire, House-116, Road-11, Block- E,? Banani, Dhaka"
19,DHAKA,BANASREE BRANCH ATM,"10 Banasree Main Road, Block- C, Banasree Residential Area, Rampura Dhaka"
20,DHAKA,BARIDHARA-J BLOCK ATM,"House-54, Progati Sarani Road, Block-J, Baridhara, Dhaka"
21,BARISHAL,BARISHAL ATM,"42/44 , Sadar Road , Barishal"
22,BARISHAL,BARISHAL BRANCH ATM,"Bishnupriya Bhaban (1st Floor) 69 Sadar Road, Barishal"
23,DHAKA,BASHABO ATM,"43/13 Sobuj Kanon, Atish Dipankar Road, Dhaka"
24,DHAKA,BASHUNDHARA BRANCH ATM,"Plot-15, Block-A, Bashundhara R.A., Baridhara"
25,DHAKA,BASHUNDHARA CITY ATM,"Bashundhara Shopping Mall, Level-7, East Panthopath, Dhaka"
26,DHAKA,BASUNDHARA R/A ATM,"Block C, Umme Kulsum Road, Basundhara R/A, Baridhara, Dhaka-1219"
27,CHATTOGRAM,BAYEZID BOSTAMI RD ATM,"178 Baizid Bostami Road, Chattogram"
28,CHATTOGRAM,BHATIARI BRANCH ATM,"Sajeda Bhaban(GF, 1st & 2nd floor), beside H. Akbar Ali Road, Bhatiari, Chattogram"
29,DHAKA,BHIRAB SME BRANCH ATM,"Holding-0161-00, Bhairab Bazar, Kishorgonj, Bhairab"
30,DHAKA,BHULTA BRANCH ATM,"Rabet Al Hasan Shopping Center Pvt Limited, Bhulta Bus Stand, Rupgonj, Narayanganj"
31,DHAKA,BIJOYNAGAR ATM,"45 Bijoynagar, Saiham Sky View Tower, Dhaka"
32,SYLHET,BISHWANATH BRANCH ATM,"Grand Complex, Natun Bazar, Bishwanath, Sylhet"
33,DHAKA,BOARDBAZAR BRANCH ATM,"Omar Ali Plaza, House 1, Block C, Board Bazar, Gazipur"
34,RAJSHAHI,BOGURA BRANCH ATM,"1020/1092 Satani Mega Centre, Sherpur Road, Bogura-5800"
35,DHAKA,CARDS CENTER ATM,"Sabera Tower (Ground Floor), 42 Gulshan North C.A., Road 52, Dhaka 1212"
36,CHATTOGRAM,CEPZ 2ND ATM,"Bay Shopping Centre, Chattogram Export Processing Zone, Chattogram"
37,CHATTOGRAM,CEPZ AIRPORT RD 2ND ATM,"Gawshia Building, 2102 Airport road, CEPZ, Chattogram"
38,CHATTOGRAM,CEPZ AIRPORT ROAD 3rd ATM,"Gawshia Building, 2102 Airport road, CEPZ, Chattogram"
39,CHATTOGRAM,CEPZ ATM,"Bay Shopping Centre, Chattogram Export Processing Zone, Chattogram"
40,CHATTOGRAM,CHANDGAON ATM,"B.Alam Tower, Holding no:2787/B/4428, Bahir Signal, Chandgaon, Chattogram."
41,CHATTOGRAM,CHANDGAON BRANCH ATM,"House-16, Road -1, Block- A, Chandgaon R.A., Chattogram"
42,DHAKA,CHANDRA ATM,"Ground Floor, Sattar Road, Palli Bidyut ,Chandra, Gazipur"
43,DHAKA,CHAWKBAZAR ATM,"11 No water works Road, Rahamatgonj, Chawk Mughultully, Dhaka"
44,CHATTOGRAM,CHOUMUHANI BRANCH ATM,"Kiron Imperial, Holding-1460 Karimpur Road, Chowmuhani, Noakhali"
45,DHAKA,CITY GROUP ATM,"City Group of Industries, Konapara, Demra, Dhaka-Sylhet Highway, Dhaka ? 1361"
46,DHAKA,COLLEGE GATE ATM,"Plot-1/4, Block-B, 12 Gajnabi Road, Mohammadpur Housing State, Dhaka"
47,DHAKA,CONCORD ARCADIA ATM,"Shop-141, Concord Arcadia Shopping Mall, Plot-1 &2, Road-4, Dhanmondi R.A., Dhaka"
48,CHATTOGRAM,COX'S BAZAR BRANCH ATM,"10 Hotel Motel Zone, Kolatali Road, Cox?s Bazar"
49,CHATTOGRAM,COX'S BAZAR OFFSITE ATM,"Shafiq Center, Main Road, Cox?s Bazar"
50,CHATTOGRAM,CTG. CHAWKBAZAR ATM,"Moti Tower, 68 College Road, Chawkbazar C.A., Chattogram"
51,CHATTOGRAM,CTG. NEW MARKET BRANCH ATM,"House No. ? 904/731, Ground & First Floor, HSS Road, Alkaran, Kotowali, Chattogram"
52,CHATTOGRAM,CUMILLA BRANCH ATM,"Holding No. 195, Chowdhury Plaza, Jail Road, Jhawtola, Kotwali, Ward No. 10, Cumilla"
53,KHULNA,DAULATPUR ATM,"S.S Center, 1/1 Upper Jashore Road, Daulatpur,Khulna."
54,DHAKA,DEPZ ATM,"DEPZ Extension area, DEPZ, Savar, Dhaka"
55,DHAKA,DEPZ BRANCH ATM,"Mazid Tower, PO:Gazir Chat,PS: Ashulia, Baipail, Savar, Dhaka"
56,DHAKA,DHANMONDI 27(NEW) ATM,"House-405/C, Road-27 (Old) 16(New), Dhanmondi, Dhaka, 1209"
57,DHAKA,DHANMONDI 4/A ATM,"BETS Center, Baitul Iqra, House- 15, Road- 4/A, Dhanmondi R. A., Dhaka"
58,DHAKA,DHANMONDI BRANCH ATM,"House ? 21, Road- 8, Dhanmondi R. A., Dhaka"
59,DHAKA,DHANMONDI MAIN BRANCH ATM,"SUVASTU ZENIM PLAZA, Holding No. 312 (Old), Road# 37, (Old 27), Dhanmondi, Dhaka."
60,DHAKA,DHANMONDI-6 ATM,"House-09, Road-06 ( Former), Bhasa Sainik Abul Kalam Shamsuddin Sarak, Dhanmondi R.A., Dhaka"
61,DHAKA,DHK. CANT. KACHOKET ATM,"Rajanigandha Super Market Area.Kachoket Bazar ,Dhaka"
62,DHAKA,DHK. CANT.ECB CHATTAR ATM,"Online Center, 572/L, Matikata, Mirpur DOHS Road, ECB Chattar, Dhaka Cantonment, Dhaka-1206.??"
63,Rajshahi,DINAJPUR SUB BRANCH ATM,"Northern Plaza, 1019-984/1 Ganeshtola, Dinajpur Sadar, P.S: Kotwali, Dinajpur"
64,DHAKA,DOHAR BRANCH ATM,"Ashraf Ali Chowdhury Plaza, Joypara College, Joypara Bazar, Dohar,?Dhaka"
65,CHATTOGRAM,DOHAZARI BR ATM,"Hazari Tower, First Floor, Dohazari, Chandanaish, Chattogram-4382"
66,DHAKA,DOYAGONJ SUB BRANCH ATM,"30/1 MONIR HOSSAIN LANE, Narinda, Dhaka."
67,DHAKA,EAST PANTHOPATH ATM,"4 Panthopath, Royel Tower, Dhaka"
68,DHAKA,EASTERN MOLLIKA ATM,"Eastern Mollika Shopping City, 26/ 1-2 Elephant Road, Dhaka"
69,DHAKA,EASTERN PLUS ATM,"Eastern Plus, 145 Shantinagar, Dhaka"
70,Chattogram,EVERCARE CTG. ATM,"Evercare Hospital Chattogram, Plot No: H1, Ananna R/A, CDA, Hathazari, Chattogram"
71,DHAKA,FAKIRAPOOL ATM,"118 DIT Extension Road, Fakirpool"
72,DHAKA,FARIDPUR BRANCH ATM,"7/216 Golpukur Shopping Complex, Alipur, Faridpur"
73,DHAKA,FARIDPUR OFFSITE ATM,"Khandokar Mansion, House No-74, Niltuli Masjid Bari Road, Faridpur"
74,SYLHET,FENCHUGANJ BRANCH ATM,"Tuta Mia Mansion Fenchuganj Bazar, Fenchuganj, Sylhet"
75,CHATTOGRAM,FENI ATM,"238 S S K Road, Feni, Chattogram"
76,CHATTOGRAM,FINLAY SQUARE 2ND ATM,"Finlay Square, 5 Sholo Shahar, East Nasirabd, beside Biplob Udyan, 2 no. gate, Chattogram."
77,CHATTOGRAM,FINLAY SQUARE ATM,"Finlay Square, 5 Sholo Shahar, East Nasirabd, beside Biplob Udyan, 2 no. gate, Chattogram."
78,DHAKA,FIRMGATE ATM,"115/ A Airport Road, Tejgaon, (Opposite to Tejgaon Thana), Dhaka-1215"
79,DHAKA,FOREIGN MINISTRY ATM,"Ministry of Foreign Affairs, Government of the People?s Republic of Bangladesh, Shegunbagicha, Dhaka-1000"
80,CHATTOGRAM,FORTUNE MALL ATM,"EQUITY GF FORTUNE MALL, Hill View Road, 1 No Bayzid Bostami Road, Nasirabad, Chattogram."
81,KHULNA,FULBARIGATE BRANCH ATM,"Fulbarigate, Jogipol Union, PS- Khanjahan Ali, Dist: Khulna"
82,DHAKA,GAZIPUR PARAGON ATM,"Paragon Poultry Limited (Feed Division), Baniarchala, Memberbari, Gazipur"
83,CHATTOGRAM,GP CHATTOGRAM ATM,"Grameenphone Ltd.,Chattogram Regional Office, Pahartoli, Ambagan, Khulshi,Chattogram"
84,DHAKA,GP HOUSE ATM,"GP House (Level#01), Bashundhara, Baridhara, Dhaka"
85,DHAKA,GULSHAN AVE BRANCH ATM,"Z N Tower, Ground Floor, Plot # SW (I)-2, Road # 08, Gulshan-1, Dhaka."
86,DHAKA,GULSHAN CHEF?s TABLE CRM,"Chef?s Table, Gulshan Center Point, House: 23-26, Road: 90, Gulshan-2, (3rd Floor)
Dhaka-1212."
87,DHAKA,GULSHAN NORTH BRANCH ATM,"Kalpana House, 169 Gulshan North Avenue, Gulshan-2, Dhaka"
88,DHAKA,GULSHAN-2 ATM,"121/C Gulshan Avenue,Gulshan-02, Dhaka-1212"
89,CHATTOGRAM,HALISHAHAR BRANCH ATM,"House-01 (1st Floor), Road- 01 , Block- L, Halishahar Housing Estate, Chattogram"
90,CHATTOGRAM,HATHAZARI BRANCH ATM,"Haji Sultan Market, Hathazari Bus Stand, Hathazari, Chattogram"
91,DHAKA,HATIRPOOL ATM,"234 New Elephant Road, Khairunnesa Mansion, Dhaka 1205"
92,DHAKA,HEAD QUARTER ATM,"100 Gulshan Avenue, Dhaka-1212"
93,DHAKA,HEAD QUERTER ATM,"100 Gulshan Avenue, Dhaka-1212"
94,CHATTOGRAM,HOTEL SEA CROWN ATM,"Hotel Sea Crown, Marine Drive, Kolatoli New Beach, Kolatoli Cox?s Bazar"
95,DHAKA,ICT MINISTRY ATM,"ICT Division, Government of the People?s Republic of Bangladesh, Level-01, ICT Tower, Agargaon, Dhaka"
96,DHAKA,IDB BHABAN ATM,"IDB Bhaban, Rokeya Sharani, Shere-e-Bangla Nagar, Dhaka-1207."
97,DHAKA,INCEPTA PHARMA ATM,"Incepta Pharmaceuticals Ltd. 40 Shahid Tajuddin Ahmed Sarani, Tejgaon I/A, Dhaka-1208."
98,CHATTOGRAM,JAMAL KHAN BR ATM,"CPDL AM Majesta, 84 Jamal Khan, Chattogram -4000"
99,CHATTOGRAM,JAMAL KHAN CTG OFFSITE ATM,"EQUITY ANTARA, 123, Momin Road, Jamal Khan, Chattogram."
100,DHAKA,JASHIMUDDIN RD BRANCH ATM,"Plot-3 & 3/A, Sector-3, Uttara, Dhaka"
101,KHULNA,JASHORE BRANCH ATM,"Holding Number : 0852-00 , Ground Floor, Imesh Babu Lean, R.N road Jashore. Kotwali , Jashore-7400"
102,DHAKA,JFP HYPERMART ATM,"Jamuna Wholesale Club Ltd, Level: Basement-1, Jamuna Future Park Shopping Mall, Ka-244, Progati Sarani, Kuril, Baridhara, Dhaka-1229"
103,DHAKA,JOHNSON ROAD ATM,"41 Johnson Road ( Roy Saheb Bazar), Dhaka"
104,CHATTOGRAM,JUBILEE ROAD BRANCH ATM,"Mannan Bhaban (Ground Floor), 156 Nur Ahmed Sarak, Jubilee Road, Chattogram"
105,CHATTOGRAM,KALURGHAT ATM,"R&S Tower, C&B, B.F.I.D.C Road, Opposite of Fire Service, Kalurghat Heavy I/A, Chandgaon, Chattogram"
106,DHAKA,KAMAL ATATURK AVN ATM,"Borak Mehnur, 51/b, Kamal Ataturk Avenue, Banani, Dhaka: 1213"
107,DHAKA,KANCHPUR ATM,"Heaven House (BD) Ltd, Ground Floor, 96 Kanchpur, Shiddirgonj ,Narayanganj"
108,DHAKA,KARWAN BAZAR ATM,"Pragati Insurance Bhaban, Ground Floor, 20-21 Kawran Bazar, Dhaka -1215"
109,DHAKA,Kazi Nazrul Islm. Ave ATM,"Ali Bhaban, 92 Kazi Nazrul Islam Avenue, Kawran Bazar, Dhaka, 1215"
110,DHAKA,KAZIPARA ATM,"571 Abm Manson, Kazipara, Mirpur, Dhaka, 1216"
111,CHATTOGRAM,KEPZ 2ND ATM,"Sea Orchid Tower, 139 Steel Mill Bazar, KEPZ Circle, North Potenga, KEPZ, Chattogram."
112,CHATTOGRAM,KEPZ 3rd ATM,"KEPZ Complex, west side of entrance, Old Zone Services Building, Chattogram"
113,CHATTOGRAM,KEPZ 4th ATM,"KEPZ Complex, west side of entrance, Old Zone Services Building, Chattogram"
114,CHATTOGRAM,KEPZ ATM,"Sea Orchid Tower, 139 Steel Mill Bazar, KEPZ Circle, North Patenga, KEPZ, Chattogram."
115,DHAKA,KERANIGANJ BRANCH ATM,"Dackpara Road, Shahid Nagar, Keranigonj, Dhaka"
116,DHAKA,KERANIGANJ SME BRANCH ATM,"Green Tower (1st floor), East Aganagar, Keranigonj, Dhaka"
117,CHATTOGRAM,KHATUNGONJ BRANCH ATM,"173 Khatungonj Badsha Market, Chattogram"
118,DHAKA,KHILGAON BRANCH ATM,"Farid Community Center, 574/C Khilgaon Chowdhury Para, Dhaka-1219"
119,DHAKA,KHILKHET 1ST ATM,"02/A Rajuk Trade Center, Nikunja, Dhaka"
120,DHAKA,KHILKHET 2ND ATM,"02/A Rajuk Trade Center, Nikunja, Dhaka"
121,KHULNA,KHULNA BRANCH ATM,"Taymun Centre & Properties, 181 Khan-A-Sabur Road, Shibbari More, Khulna"
122,KHULNA,KHULNA ROYAL ATM,"32/1 KDA Avenue Royal Chottor, Khulna"
123,KHULNA,KHULNA SONADANGA AFC ATM,"A-19 Mojid Soroni, Sonadanga, Khulna"
124,CHATTOGRAM,KHULSHI BRANCH ATM,"Yousuf Minar, Holding No. 51/B Zakir Hossain Road, Ward No. 13, Khulshi, Chattogram ? 4212"
125,DHAKA,KOCHUKHET SUB-BRANCH ATM,"234/6, Kochukhet Road, Mirpur, Dhaka"
126,DHAKA,KONABARI PAYROLL 1st ATM,"Tusuka Group, 420 Konabari, Neelnagar, Gazipur, Bangladesh"
127,DHAKA,KONABARI PAYROLL 2nd ATM,"Tusuka Group, 420 Konabari, Neelnagar, Gazipur, Bangladesh"
128,Chattogram,LAKSAM SUB BRANCH ATM,"M.M Tower (1st Floor) 1550 Chauddagram Road, Laksam, Cumilla"
129,DHAKA,LALBAGH ATM,"30/1 A Dhakeswary Road, Lalbagh Chowrasta, Dhaka, 1211"
130,CHATTOGRAM,LOHAGORA BRANCH ATM,"M K Shopping Center (1st Floor), Bottali Main Road, Lohagora, Chattogram"
131,DHAKA,MADHABDI BRANCH ATM,"242/1 Algi Road, Madhabdi Bazar, Madhabdi"
132,CHATTOGRAM,MAIJDEE BRANCH ATM,"Ali Plaza, Maijdee, Noakhali"
133,DHAKA,MALIBAGH ATM,"176/1 D.I.T. Road, Malibagh, Dhaka"
134,DHAKA,MAWNA BRANCH ATM,"Creative Bhaban, Mawna Chowrasta, Sreepur, Gazipur"
135,DHAKA,MAWNA GS 2nd ATM,"Green Smart Shirt Ltd. Tepirbari, Teli Hati Union, Sreepur- Mawna, Gazipur, Dhaka-1700"
136,DHAKA,MAWNA GS ATM,"Green Smart Shirt Ltd. Tepirbari, Teli Hati Union, Sreepur- Mawna, Gazipur."
137,CHATTOGRAM,MEHEDIBAGH BRANCH ATM,"Epic Emdad Heights 38 Chatteshawri Circle ( Gr. Floor), Mehdibagh, Chattogram"
138,DHAKA,MEHEDIMART BASHUNDHARA ATM,"Mehedi Mart, Road-5, Block-D, Bashundhara Residential Area, Dhaka-1229"
139,SYLHET,MIRABAZAR ATM,"Mira Tower, Mirabazar, Sylhet."
140,DHAKA,MIRPUR 10 CIRCLE ATM,"231 Central Plaza, Senpara Parbata, Mirpur, Dhaka."
141,DHAKA,MIRPUR BRANCH ATM,"Plot -17, Road-3, Block-A, Sec.-11, Mirpur, Dhaka"
142,DHAKA,MIRPUR DOHS ATM,"Opposite of Mirpur DOHS Main Gate, Shagufta Road, Holding No- 3448,  Block ?G, Shagufta Housing, Pallabi, Dhaka"
143,Dhaka,MIRPUR MAJAR ROAD ATM,"17/A 1st Colony, Majar Road, Mirpur, Dhaka"
144,DHAKA,MIRPUR ORGINAL-10 ATM,"House-01,Road- 04,Section-06, Block -A, Mirpur -10,Dhaka-1216"
145,DHAKA,MIRPUR-1 ATM,"Crescent Homes, 150/1 Shah Ali Bagh, Mirpur -1, Dhaka"
146,DHAKA,MIRPUR-1 BRANCH ATM,"10 Dar-Us- Salam Road, Mirpur-01, Dhaka-1216"
147,DHAKA,MIRPUR-2 ATM,"House No-04, Road No-09, Block - H, Mirpur-2, Dhaka-1216"
148,CHATTOGRAM,MIRSARAI ATM,"Rene Mia Master Shopping Complex,Dhaka Chattogram Highway, Po & PS: Mirsarai, Chattogram"
149,DHAKA,MIZAN TOWER,"MIZAN TOWER, 1/5 Kallyanpur, Mirpur Road, Dhaka."
150,DHAKA,MOGHBAZAR BRANCH ATM,"Shafi Complex, 1/A West Moghbazar, New Circular Road, Ramna, Dhaka"
151,DHAKA,MOHAKHALI AMTOLI ATM,"100 Mohakhali C.A., Dhaka-1212"
152,DHAKA,MOHAKHALI ATM,"Madona Tower, 28 Mohakhali C. A., Dhaka"
153,DHAKA,MOHAKHALI PARAGON ATM,05 Mohakhali Dhaka( Paragon House)
154,DHAKA,MOHAMMADIA HOUSING ATM,"House-18, Road- 02, Mohammadia Housing Society, Mohammadpur, Dhaka."
155,Dhaka,MOHAMMADPUR BUS STAND ATM,"1/1, Block-E, Satmosjid Road, Mohammadpur, Dhaka-1207"
156,DHAKA,MONIPURI PARA ATM,"20 Monipuri Para, Sangshad Avenue Road, Dhaka-1215"
157,DHAKA,MOTIJHEEL BRANCH ATM,"88 Motijheel C. A., Dhaka"
158,DHAKA,MOUCHAK BRANCH ATM,"Siddque Shopping Complex, Mouchak Union, Kaliakor, Gazipur,? Bangladesh."
159,SYLHET,MOULVIBAZAR BRANCH ATM,"26 Sylhet Trunk Road (1st Floor), Moulvibazar, Sylhet"
160,CHATTOGRAM,MURADPUR ATM,"Karims Icon, 73/74 Muradpur, Asian Highway, Chattogram"
161,CHATTOGRAM,MURADPUR BRANCH ATM,"Jumairah Fairmont Trade Center, 327 (Old) CDA Avenue, Ward: 08, Muradpur, Chattogram."
162,MYMENSINGH,MYMENSINGH SADAR ATM,"GP Regional Office, Ground Floor, Ferdous Tower, 1 Shamacharan Ray Road, Mymensingh Sadar, Mymensingh"
163,MYMENSINGH,MYMENSINGH SME BRANCH ATM,"Hamida Market , 45 Choto Bazar, Kotwaly, Mymensingh"
164,DHAKA,NARAYANGANJ BRANCH ATM,"64 BB Road (Islam Plaza), Narayanganj"
165,DHAKA,NARAYANGANJ SME BR ATM,"SS Tower, 30/14 Loyal Tank Road, Taanbazar, Narayanganj"
166,RAJSHAHI,NATORE ATM,"Pran Agro Limited,Gorosthan Bazar, Chandpur, Natore"
167,DHAKA,NAWABGANJ BRANCH ATM,"Hossain Plaza, 281 Nawabganj, Dhaka"
168,DHAKA,NAZIMUDDIN ROAD ATM,"S H Plaza, 90/91 Nazimuddin Road (Opposite Sheikh Borhanuddin College), Lalbagh, Dhaka"
169,CHATTOGRAM,NAZIRHAT BRANCH ATM,"Zaria Community Center, (Adjacent to Darbar Gate), Nazirhat, Fatikchari, Chattogram"
170,DHAKA,NEW MARKET ATM,"186 Govt. New Market, Dhaka"
171,DHAKA,NITOL NILOY TOWER ATM,"Nitol Niloy Tower, Ground Floor Lobby area, Plot 42 & 69, Nikunja North C. A., Airport Road, Dhaka"
172,DHAKA,NORTH GULSHAN BRANCH ATM,"Kalpana House, 169 Gulshan North Avenue, Gulshan-2, Dhaka"
173,DHAKA,NORTH SOUTH ROAD ATM,"49 Syed Nazrul Islam Shoroni North South Road, Dhaka-1100"
174,DHAKA,NOYATOLA ATM,"550 Noyatola, Moghbazar"
175,CHATTOGRAM,O R NIZAM RD. BRANCH LOBBY ATM,"Avenue Centre, 787 CDA Avenue, Chattogram"
176,CHATTOGRAM,PAHARTOLI ATM,"Torab Arcade, DT Road, Pahartoli, Chattogram."
177,DHAKA,PALLABI SUB BR ATM,"PALLABI SHOPPING CENTER, House-33/16, Pallabi Shop No-11/A, Mirpur."
178,CHATTOGRAM,PANCHLAISH BRANCH ATM,"14 Panchlaish R.A., (Near Chattogram Medical College Hospital), Chattogram"
179,DHAKA,PANCHOBOTI BR ATM,"House No. 101 & 102, Ponchoboti Moor, Fatullah , Narayanganj, 1420"
180,DHAKA,PARASOLE ATM,"Parasole Footwear LTD, Gazirchat, Baipail,Ashuliya"
181,DHAKA,PATAN I.C. ROAD ATM,"35/A Purana Paltan Line, VIP ( Inner Circular Road), Dhaka"
182,CHATTOGRAM,PATIYA SUB BR ATM,"Amju Meah Tower, Opposite of Patiya Model School, Arakhan road, Patiya Municipality, Chattogram."
183,CHATTOGRAM,PRAGOTI IND. ATM,"PRAGOTI INDUSTRIES LTD, Barabkunda, Sitakunda, Chattogram ? 4312."
184,RAJSHAHI,PRAN AGRO ATM,"PRAN AGRO Group, Ekdala, Natore."
185,DHAKA,PRINCIPAL BRANCH ATM,"Jiban Bima Bhaban, 10 Dilkusha C.A., Dhaka"
186,DHAKA,PROGATI SHARANI BR ATM,"Plot-103/A, Progati Sharanee, Dhaka"
187,DHAKA,R K MISSION RD ATM,"1 R K Mission Road, Ittefaq Bhaban, Dhaka 1203"
188,RAJSHAHI,RAJSHAHI ATM,"105 Kazihata, Greater Road,Rajpara, Rajshahi,6000"
189,RAJSHAHI,RAJSHAHI BRANCH ATM,"Doinik Barta Complex (Ground Floor), Alupotti, Natore Road, Rajshahi-6000"
190,DHAKA,RAMPURA ATM,"337/1 East Rampura, DIT Road, Rampura, Dhaka ( on the south side of BTV Bhaban), Dhaka"
191,RANGPUR,RANGPUR ATM,"G L Roy Road Kotowali, Rangpur"
192,RANGPUR,RANGPUR BRANCH ATM,"11 Jail Road, Dhap, Ward No. 01, Kotwali, Rangpur City Corporation, Rangpur"
193,CHATTOGRAM,RAOZAN BRANCH ATM,"Shop- D-2, Bharetoshowry Market, Noapara Pathar Hat, Raozan, Chattogram"
194,DHAKA,RENATA ATM,"Renata Pharmaceuticals, Plot #1,Milk vita road ,sec #7 , Mirpur , Dhaka-1216g"
195,DHAKA,ROKEYA SARANI BRANCH ATM,"220/A, 1/1, F&I Tower, Begum Rokeya Sarani, Shewrapara, Mirpur, Dhaka."
196,DHAKA,RUPGANJ ATM,"City Economic Zone (Private Economic Zone by City Group), City Staff Quarter, Holding No-498, 499, Ward No-4, Tarabo, Rupganj, Narayanganj"
197,DHAKA,RUPNAGAR ATM,"Road ? 21, House-60, Rupnagar R/A, Mirpur, Dhaka"
198,CHATTOGRAM,SANMAR OCEAN CITY ATM,"Sanmar Ocean City, Shop I & II, Ground Floor, 997 CDA Avenue, Chattogram"
199,Khulna,SATKHIRA SUB BRANCH ATM,"Holding No-0657, Tufan Companyr More, Abul Kashem Road, P.O & P.S : Satkhira Sadar, Satkhira."
200,DHAKA,SATMASJID ROAD BRANCH ATM,"ANZ Square, Plot No, 53,Road No, 3/A, Satmosjid Road, Dhanmondi, Dhaka-1209, Bangladesh"
201,DHAKA,SAVAR BRANCH ATM,"Brishti Villa, E/3 Talabagh, Thana Road, Savar, Dhaka"
202,Rajshahi,SAYEDPUR SUB BRANCH ATM,"Holding No - 0043-00, Naya Bazar, Tulshiram Road, Saidpur, Nilphamari."
203,DHAKA,SHADHINATA TOWER ATM,"Shadhinata Tower, Holding No.01, Bir Srestha Shaheed Jahangir Gate, Dhaka Cantonment."
204,DHAKA,SHAHJADPUR ATM,"K-53/2, Pragati Sharani, Shahjadpur, Dhaka"
205,DHAKA,SHANTINAGAR ATM,"Kulsum Tower, 40-41 Siddheswari Circular Road, Dhaka"
206,DHAKA,SHANTINAGAR BRANCH ATM,"Iris Noorjehan, 104 Kakrail Road (1st floor), Ramna, Dhaka"
207,DHAKA,SHAYAMOLI ATM,"Shop- C 104, Ground Floor, Plot-27/1/B, Road-03, Shymaoli, Dhaka"
208,DHAKA,SHEGUN BAGICHA ATM,"42/1 Kha Shagunbagicha, Dhaka"
209,CHATTOGRAM,SHEIKH MUJIB ROAD ATM,"304 Sheikh Mujib Road, Agrabad, Chattogram."
210,Sylhet,SHIBGANJ SYLHET ATM,"Khushira velley limited, Silmark Tower, Shibganj point, Tamabil Road, Sylhet."
211,DHAKA,SHIMANTO SQUARE ATM,"Shimanto Square, Dhanmondi, Dhaka"
212,DHAKA,SHYAMOLI BRANCH ATM,"Plot-16-A/5, Ring Road, Block-F, Mohammadpur Housing Estate, Dhaka"
213,CHATTOGRAM,SIRAJUDDOWLAH ATM,"94 Siraj-Ud-Doula Road, Dewan Bazaar, Chandanpura, Chattogram"
214,DHAKA,SKYCARE BANANI CRM,"Safura Tower, 20, Kamal Atatuk Avenue, Banani, Dhaka-1212."
215,DHAKA,SKYCARE SATMOSJID CRM,"Plot No-748 (Old) 48 (New), Satmosjid Road, Dhanmondi Residential Area, P.S- Dhanmondi, Dhaka."
216,DHAKA,SONARGAON BRANCH ATM,"Bhuiyan Plaza, Habibpur, Sonargaon, Mograpara, Narayanganj"
217,DHAKA,SONARGAON RD BRANCH ATM,"AHN Tower, Ground Floor, 13 Biponon C.A, Bir Uttam C R Datta Road, ( Sonargoan Road), Bangla Motor, Dhaka 1205"
218,DHAKA,SOUTH BANASREE ATM,"Plot 2, Road 10, Block-L, South Banasree, opposite of ?BANABETHI SHOPPING COMPLEX?."
219,SYLHET,SYLHET BANDAR BAZAR ATM,"Bashir Uddin Complex, Laldighirpar, GC Road, Bandar Bazar, Sylhet"
220,SYLHET,SYLHET CHOUHATTA BRANCH ATM,"Firoz Centre, 891/KA, Chouhatta, Sylhet"
221,SYLHET,SYLHET CHOUHATTA BRANCH LOBBY ATM,"Firoz Centre, 891/KA,Chouhatta, Sylhet"
222,SYLHET,SYLHET UPASAHAR BR ATM,"Upashahar Gas Bhaban, Mehdi Bagh, Sylhet"
223,DHAKA,TAJMAHAL ROAD ATM,"12/9 Tajmahal Road, Block C, Mohammadpur, Dhaka-1207"
224,DHAKA,TANGAIL BRANCH ATM,"Rahman Center (1st Floor), 55 Victoria Road,? Tangail"
225,DHAKA,TEJGAON SUB-BRANCH ATM,"SHEIKH ABDUL MATIN COMPLEX, 189/A,East Nakhalpara, Tejgaon."
226,DHAKA,TONGI 2ND ATM,"Senakalyan Commercial Complex, Ground Floor, Tongi, Gazipur"
227,DHAKA,TONGI ATM,"Senakalyan Commercial Complex, Ground Floor, Tongi, Gazipur"
228,DHAKA,TONGI BAZAR SUB-BRANCH ATM,"KUTUB COMPLEX, Holding No. 66, Anarkoli Road, Tongi Voran, Gazipur."
229,DHAKA,UDAY TOWER ATM,"Uday Tower (Ground Floor),Plot No. 57 & 57A, Gulshan Avenue (South) Circle-1, Dhaka-1212"
230,DHAKA,UTTARA BR CRM,"House 1, Road 5, Sector 4, Uttara, Dhaka"
231,DHAKA,UTTARA G-E-NEWAZ BR ATM,"Plot No. 15 (1st Floor), Garib-E-Newaz Avenue, Sector-11,? Uttara, Dhaka-1230"
232,DHAKA,UTTARA L DRIVE ATM,"House-15, Sector-07, Lake Drive Road, Uttara, Dhaka-1230"
233,DHAKA,UTTARA LAKE DRIVE 2nd ATM,"House # 15, Sector # 07, Lake Drive Road, Uttara, Dhaka-1230"
234,DHAKA,UTTARA SEC-3 ATM,"House-18, Road-16, Jasimuddin Avenue, Sector 3, Uttara, Dhaka-1212"
235,DHAKA,UTTARA SEC.7 2ND ATM,"9 Sonargaon Janapath Road, Sector- 7, Uttara"
236,DHAKA,UTTARA SEC.7 ATM,"9 Sonargaon Janapath Road, Sector-7, Uttara"
237,Dhaka,UTTARA SECTOR-12 ATM,"House: 11, Sector: 12, Sonargaon Janapath Road, Uttara, Dhaka-1230"
238,DHAKA,WARI ATM,"2/6 Nawab Street, Wari, Dhaka"
239,CHATTOGRAM,WASA MOOR ATM,"MOON PLAZA, 89, CDA Avenue, Wasa Moor, Chattogram."
240,DHAKA,WESTIN ATM,"The Westin Dhaka, Plot No. 1 CWN (B), Road No. 45, Gulshan-2, Dhaka-1212"
241,DHAKA,WORLD BANK ATM,"Plot E 32, Sher-e-Bangla Nagar, Agargaon, Dhaka, Bangladesh, Dhaka-1207"
242,CHATTOGRAM,YUNUSCO 2ND ATM,"Shop-21 (Ground Floor), Yunusco City Center, 567 CDA Avenue, Chattogram"
243,DHAKA,ZAKIR HOSSAIN ROAD ATM,"House-C-1, Block-E, Zakir Hossain Road, Mohammadpur, Dhaka."
244,SYLHET,ZINDA BAZAR ATM,"Blue Water Shopping City, Jollar Par Road, Zindabazar, Shylet"
